<?xml version="1.0" encoding="UTF-8" ?>
<!DOCTYPE mapper
  PUBLIC "-//mybatis.org//DTD Mapper 3.0//EN"
  "http://mybatis.org/dtd/mybatis-3-mapper.dtd">
<mapper namespace="com.jt.mapper.ItemMapper">
	
	<!--1.批量删除  
		delete from tb_item where id in (1,2,3,4)
		
		collection:
		如果参数为array或者为list集合则直接写类型名称
		如果参数为Map集合.则collection写key
	-->
	<delete id="deleteItems">
		delete from tb_item where id in (
		<foreach collection="array" item="id"
		separator=",">
			#{id}
		</foreach>
		)
	</delete>
	
	<!--批量修改状态信息  -->
	<update id="updateStatus">
		update tb_item set status = #{status},
		updated = now() where id in (
			<foreach collection="ids" item="id" separator=",">
				#{id}
			</foreach>
		)
	</update>
</mapper>